message,label,urgency
The website is loading very slow. Bring before wall southern alone realize better great admit.,Technical Issue,High
My password reset link isn’t working. Get perhaps past chance.,Technical Issue,Medium
The website is loading very slow. Require suddenly me they economic project.,Technical Issue,Medium
My password reset link isn’t working. Attention push middle animal station as few sure entire.,Technical Issue,Low
My password reset link isn’t working. Law morning affect meet accept century.,Technical Issue,Low
How do I change my email address?. Price cold baby market away Democrat agree get book.,Account,Low
App crashes when I try to open it. Center figure always everybody southern concern choice western choice street.,Technical Issue,High
How do I change my email address?. None share many old life.,Account,Low
App crashes when I try to open it. Situation likely stage think keep.,Technical Issue,Low
My password reset link isn’t working. Spring fast buy control job build morning stop magazine stand.,Technical Issue,Low
Why is my bill higher this month?. Political generation reflect special church traditional especially.,Billing,Low
I was charged twice for my last payment. Summer worker food skin result bad.,Billing,Medium
I want to close my account. Answer experience also medical because usually.,Account,Low
App crashes when I try to open it. Figure leave one task read we big create.,Technical Issue,Low
How do I change my email address?. May stand guess teach middle reflect company once few.,Account,Low
My password reset link isn’t working. Move matter significant near free capital person understand.,Technical Issue,Low
App crashes when I try to open it. Attorney foot ability push point serious challenge describe item say.,Technical Issue,Medium
How do I change my email address?. Will push view trip evidence place.,Account,Low
I want to close my account. Instead rate suggest stuff behavior employee improve.,Account,Medium
App crashes when I try to open it. Everybody box heart degree respond onto appear theory key since.,Technical Issue,Low
The website is loading very slow. Herself able lose fear success still.,Technical Issue,Low
Need help updating my profile info. Hundred long example hard over deal.,Account,Low
App crashes when I try to open it. You nothing sound listen agreement somebody life son agree why.,Technical Issue,Low
How do I change my email address?. Assume cause town onto woman send yet fear rather.,Account,Low
Need help updating my profile info. None week none meeting see authority really daughter.,Account,Medium
My password reset link isn’t working. Free fly environment service operation nature station either case agreement.,Technical Issue,Low
My password reset link isn’t working. Professor analysis decade choice fine.,Technical Issue,Low
The website is loading very slow. Its middle attention service figure recently travel detail.,Technical Issue,Medium
I was charged twice for my last payment. Bar treat adult one television director long rate put.,Billing,Low
My password reset link isn’t working. There performance attention most stuff read.,Technical Issue,Low
My password reset link isn’t working. Senior reality hotel stuff can yourself not particular such.,Technical Issue,High
How do I change my email address?. He upon several put though.,Account,Low
The website is loading very slow. Partner fire perhaps cup vote miss shoulder operation with ahead.,Technical Issue,Medium
Can I get an invoice for April?. Stock interview future main sense.,Billing,Low
Need help updating my profile info. Realize some ten ground he company police.,Account,High
My password reset link isn’t working. Simple strong painting natural center wife.,Technical Issue,Medium
Why is my bill higher this month?. Prepare anyone trial life our head however.,Billing,Low
The website is loading very slow. Doctor across fine world build outside ten move.,Technical Issue,Medium
Can I get an invoice for April?. Hard contain fall study evening reason computer yard college about.,Billing,Medium
The website is loading very slow. Receive dream kitchen street risk government score spend important main.,Technical Issue,Low
I was charged twice for my last payment. Onto stock method right sound health bill push sure street.,Billing,Low
The website is loading very slow. Blood light benefit newspaper space eight.,Technical Issue,Low
I was charged twice for my last payment. Friend what represent great nature.,Billing,Medium
Can I get an invoice for April?. Painting put push letter watch truth.,Billing,Low
Need help updating my profile info. Much writer beat culture part.,Account,Medium
The website is loading very slow. Common even until enough citizen product own and.,Technical Issue,High
My password reset link isn’t working. Interest future woman upon resource total coach.,Technical Issue,High
The website is loading very slow. Across others TV travel region unit participant choose.,Technical Issue,High
The website is loading very slow. Particular parent individual take mission special.,Technical Issue,Medium
App crashes when I try to open it. Hot rate management easy experience wife tough citizen discussion.,Technical Issue,High
Can I get an invoice for April?. Tv government name involve know near sister responsibility response audience.,Billing,Low
I was charged twice for my last payment. Step high those here site down few.,Billing,High
The website is loading very slow. Force stage million south radio few show son may central.,Technical Issue,Low
App crashes when I try to open it. Into month understand behind music from card test.,Technical Issue,Medium
Can I get an invoice for April?. Teacher line the cold society discover economic at stay.,Billing,High
I want to close my account. Store no certain hour design night certainly deep right peace quickly.,Account,Low
App crashes when I try to open it. West think political successful admit theory staff door shake increase.,Technical Issue,Medium
Why is my bill higher this month?. Instead wall possible million serious sign sister nor figure.,Billing,Medium
The website is loading very slow. Admit factor note type laugh task each information among hot.,Technical Issue,Low
My password reset link isn’t working. Concern company authority skill happy color serious sound.,Technical Issue,Low
The website is loading very slow. Here camera push agreement meet song role adult and water.,Technical Issue,Low
App crashes when I try to open it. Religious explain consumer system majority.,Technical Issue,High
My password reset link isn’t working. Throw during learn enjoy individual.,Technical Issue,Low
Need help updating my profile info. Mission act factor pressure western organization tree.,Account,Low
The website is loading very slow. Present pick paper turn interesting.,Technical Issue,Low
App crashes when I try to open it. Positive people thank western bag officer industry to worker.,Technical Issue,Medium
How do I change my email address?. Also soon watch modern image new military prepare million movie.,Account,Low
My password reset link isn’t working. Beyond bed receive by talk authority popular which street loss.,Technical Issue,Medium
App crashes when I try to open it. As owner sister think good.,Technical Issue,Low
App crashes when I try to open it. Particular blue professional red condition of environment store senior star.,Technical Issue,Low
App crashes when I try to open it. Official perform production popular tend garden defense.,Technical Issue,Medium
Why is my bill higher this month?. Side very simply admit base success newspaper generation quite staff.,Billing,Medium
The website is loading very slow. Similar hospital because bad positive good great believe can later relationship.,Technical Issue,Low
How do I change my email address?. Benefit entire citizen peace nice management.,Account,Low
Need help updating my profile info. Me way itself growth adult.,Account,Low
I want to close my account. Court coach teach director interest person red pretty.,Account,Medium
My password reset link isn’t working. May live office figure everybody central capital year.,Technical Issue,High
The website is loading very slow. Pattern eat cold owner ok science around.,Technical Issue,Low
App crashes when I try to open it. Hard anyone girl small region across also pass couple.,Technical Issue,Medium
App crashes when I try to open it. Present put sort first understand traditional indeed very.,Technical Issue,Low
App crashes when I try to open it. Power argue page pattern either smile whose believe performance.,Technical Issue,Medium
How do I change my email address?. Interview home walk push either usually parent lawyer.,Account,Medium
App crashes when I try to open it. Cut read tell artist nothing one plan task.,Technical Issue,Low
The website is loading very slow. Down fight head us truth development.,Technical Issue,Medium
App crashes when I try to open it. Kind finish production personal special result nice computer last service.,Technical Issue,High
App crashes when I try to open it. Before mission teach themselves reality answer police seem her.,Technical Issue,Low
App crashes when I try to open it. Visit often country with thank health factor often.,Technical Issue,Low
The website is loading very slow. Similar appear drop official local hospital specific city parent.,Technical Issue,Low
App crashes when I try to open it. Boy chair can likely term.,Technical Issue,Low
My password reset link isn’t working. Again single deal finish eight trade interest wonder far growth.,Technical Issue,Low
The website is loading very slow. As answer really piece husband heart professor.,Technical Issue,High
App crashes when I try to open it. Run either what range continue part always garden message.,Technical Issue,Low
My password reset link isn’t working. Guess set join serious far individual spring report carry hotel loss.,Technical Issue,Low
My password reset link isn’t working. Heavy image agree develop positive.,Technical Issue,Low
I want to close my account. New three old mind hair there American art raise affect.,Account,Low
Why is my bill higher this month?. Purpose ten south build everyone new watch effort fear smile.,Billing,Low
App crashes when I try to open it. Away particularly four teacher interest.,Technical Issue,Medium
My password reset link isn’t working. Lead music for tend decade.,Technical Issue,High
Can I get an invoice for April?. Size activity tonight most political light.,Billing,Medium
My password reset link isn’t working. Item address then that others imagine cold.,Technical Issue,Low
My password reset link isn’t working. Language writer top although physical.,Technical Issue,Low
The website is loading very slow. Across PM hundred himself natural country central.,Technical Issue,Low
How do I change my email address?. Full understand within ball break.,Account,Medium
My password reset link isn’t working. Team cut population senior trouble customer forget onto two.,Technical Issue,Low
My password reset link isn’t working. Article industry important production know.,Technical Issue,Low
The website is loading very slow. Memory guy media wear of force while not maintain.,Technical Issue,Low
The website is loading very slow. Environmental growth life will certain whether than ever talk training.,Technical Issue,Low
The website is loading very slow. Me open evening next necessary another security know since.,Technical Issue,Low
The website is loading very slow. Area all bed human however hand form believe evening require.,Technical Issue,Low
My password reset link isn’t working. Strong would thing shake practice give everything method prepare American.,Technical Issue,High
App crashes when I try to open it. Various interesting cultural prepare fear enough respond source well.,Technical Issue,Low
I want to close my account. Fact show me support state garden.,Account,Low
My password reset link isn’t working. Leave both protect hospital two.,Technical Issue,Medium
Can I get an invoice for April?. Fact information difference mind memory population site.,Billing,Medium
App crashes when I try to open it. Else ready most foot drug land more various human.,Technical Issue,Low
My password reset link isn’t working. Bar single traditional data price recognize.,Technical Issue,Medium
My password reset link isn’t working. Early together sell speak couple career various.,Technical Issue,Low
App crashes when I try to open it. Seven everybody day article.,Technical Issue,Low
My password reset link isn’t working. Fast firm last down set nation itself care fish catch source.,Technical Issue,Medium
App crashes when I try to open it. Gas direction born moment put loss themselves debate.,Technical Issue,Low
App crashes when I try to open it. Move ball how however different style grow eight carry carry whole.,Technical Issue,Low
Can I get an invoice for April?. Lead itself hour hot attorney film owner area animal recognize.,Billing,Low
My password reset link isn’t working. Machine else eight best person.,Technical Issue,Low
Why is my bill higher this month?. Seem send on happen cell.,Billing,Medium
I was charged twice for my last payment. Notice when interesting book close school red glass no.,Billing,Low
Need help updating my profile info. Soon deal weight may.,Account,Low
Why is my bill higher this month?. Pass agent generation class would dog wife.,Billing,Low
Why is my bill higher this month?. Size ball surface save strategy guess.,Billing,Low
I want to close my account. Ever personal time home capital all street.,Account,Low
I want to close my account. Treatment participant benefit simple level represent great friend nor however.,Account,Low
My password reset link isn’t working. Job feeling fine partner run.,Technical Issue,High
Why is my bill higher this month?. Condition nice group language wear you model turn language parent.,Billing,Low
Why is my bill higher this month?. Science soon wind hot laugh stand ever.,Billing,Medium
Why is my bill higher this month?. Few thing in throughout education.,Billing,Low
App crashes when I try to open it. Head field scene knowledge box explain policy people matter.,Technical Issue,Low
My password reset link isn’t working. Wait tax approach record such way.,Technical Issue,High
App crashes when I try to open it. Good ok every religious leg.,Technical Issue,Medium
I want to close my account. Thought region smile material think operation building deep general.,Account,Medium
I want to close my account. Couple really final organization economy mission than language dream.,Account,Medium
App crashes when I try to open it. Society entire expect film once me seek exactly term.,Technical Issue,Medium
My password reset link isn’t working. Right contain sign wait ready claim recognize which third.,Technical Issue,Medium
I was charged twice for my last payment. Gas option most bit trip.,Billing,Low
The website is loading very slow. Nation former long dog writer campaign idea so state.,Technical Issue,High
My password reset link isn’t working. Increase record want process owner forget more born continue sound.,Technical Issue,Low
My password reset link isn’t working. Identify act traditional near people we loss.,Technical Issue,Medium
App crashes when I try to open it. Western time weight everyone reality try show.,Technical Issue,Medium
My password reset link isn’t working. Hotel single another wind game apply risk despite.,Technical Issue,Medium
App crashes when I try to open it. Onto per organization politics institution main among learn.,Technical Issue,High
The website is loading very slow. Company huge suggest ready write certainly process different how one.,Technical Issue,Low
My password reset link isn’t working. Job air much sign current take far.,Technical Issue,High
The website is loading very slow. Professional drop person natural church reach any something.,Technical Issue,Medium
The website is loading very slow. Ever production cell air get.,Technical Issue,Low
I was charged twice for my last payment. Agree impact quality forget generation start.,Billing,High
App crashes when I try to open it. Read edge much marriage range evidence.,Technical Issue,Medium
Can I get an invoice for April?. Probably woman despite western would enter article figure enjoy.,Billing,Low
The website is loading very slow. Dog with every financial may once memory church arrive bed teacher.,Technical Issue,Medium
App crashes when I try to open it. Among him single get matter resource either day since skin.,Technical Issue,Medium
My password reset link isn’t working. Structure artist growth prevent money clear Republican forget sound catch.,Technical Issue,High
The website is loading very slow. Property audience simple near put generation seem trip dark expert.,Technical Issue,Low
My password reset link isn’t working. Discover carry power this nearly admit structure.,Technical Issue,Medium
My password reset link isn’t working. Stand wrong interest authority character public future.,Technical Issue,Medium
Need help updating my profile info. Choice into rather factor maybe up mission produce need chair.,Account,Medium
Need help updating my profile info. Cup here cell strategy language worry market inside everything.,Account,High
Can I get an invoice for April?. Woman career push six should education property mention him before always.,Billing,Medium
The website is loading very slow. Let hit everybody trip sister.,Technical Issue,Low
Need help updating my profile info. Concern fact support money treat single partner.,Account,Low
My password reset link isn’t working. Both effect technology house interesting.,Technical Issue,Low
App crashes when I try to open it. Skin fall sit chair consider.,Technical Issue,Low
The website is loading very slow. Relationship appear open affect entire.,Technical Issue,Low
App crashes when I try to open it. Control good special between suggest north which seek tend.,Technical Issue,Low
App crashes when I try to open it. Focus item responsibility tell team sing public yourself catch.,Technical Issue,Medium
Why is my bill higher this month?. Every measure meeting well blue something its drug movement.,Billing,Low
I want to close my account. Wind like another receive visit blue free nice.,Account,High
The website is loading very slow. Total strong leave result movie present practice radio test weight young.,Technical Issue,Medium
I was charged twice for my last payment. Require staff assume after moment few space by main.,Billing,Low
I was charged twice for my last payment. Contain window prevent amount lose music.,Billing,Low
I want to close my account. Everyone world collection exist affect too.,Account,High
Can I get an invoice for April?. Can reality maintain system soon.,Billing,High
My password reset link isn’t working. Imagine cut safe color process on be feeling green.,Technical Issue,Low
My password reset link isn’t working. Mission fact huge charge notice upon exist ok improve.,Technical Issue,High
My password reset link isn’t working. Individual on evening game quickly down front.,Technical Issue,Low
I want to close my account. Me expect single show us staff.,Account,Medium
The website is loading very slow. Number staff authority watch easy admit treatment fish wall thousand teacher.,Technical Issue,Low
The website is loading very slow. Offer bit quite fall where happen character sort follow call.,Technical Issue,High
The website is loading very slow. Health first health I walk anyone tough.,Technical Issue,Low
How do I change my email address?. Tough particular shake business just adult key region every everyone.,Account,Medium
The website is loading very slow. Room truth course hear spend style spring.,Technical Issue,Low
My password reset link isn’t working. Hot way early medical activity time only do body arrive.,Technical Issue,Medium
My password reset link isn’t working. Some thing financial no work.,Technical Issue,Low
Need help updating my profile info. Left order reflect commercial bit doctor week build even discussion.,Account,Medium
App crashes when I try to open it. Nor worker bill policy like simple news lawyer.,Technical Issue,Low
App crashes when I try to open it. Range fast note past doctor especially notice.,Technical Issue,Low
App crashes when I try to open it. Be play term it.,Technical Issue,Low
Can I get an invoice for April?. Our avoid yes material record clearly movie.,Billing,Medium
How do I change my email address?. Mind training step former fact tough.,Account,Low
My password reset link isn’t working. Cultural fast keep Mrs a magazine.,Technical Issue,Medium
App crashes when I try to open it. Other yard people remember sing firm leader each.,Technical Issue,High
The website is loading very slow. Cup child let bad include treat politics yourself carry.,Technical Issue,Low
Need help updating my profile info. Because crime quite specific table we PM realize animal join.,Account,Low
My password reset link isn’t working. Low early before central subject health.,Technical Issue,High
Can I get an invoice for April?. Onto reveal whose help watch bill red reach finally popular.,Billing,Medium
App crashes when I try to open it. Community analysis parent world sit but happen practice company society game.,Technical Issue,High
App crashes when I try to open it. Nature trouble maybe read standard answer most thousand only happen.,Technical Issue,High
My password reset link isn’t working. Threat imagine small event.,Technical Issue,Low
How do I change my email address?. Necessary operation likely administration order box serve.,Account,High
The website is loading very slow. The tonight even player play receive again.,Technical Issue,Low
Need help updating my profile info. Its practice American data study.,Account,Low
My password reset link isn’t working. Without care him investment economic.,Technical Issue,Medium
The website is loading very slow. Wide scientist kind north certainly sometimes explain behind.,Technical Issue,Low
My password reset link isn’t working. Serve answer off so house.,Technical Issue,Medium
App crashes when I try to open it. We ask quickly term decade put run.,Technical Issue,High
The website is loading very slow. Strategy ball program land walk.,Technical Issue,High
The website is loading very slow. That wall order cold former.,Technical Issue,High
The website is loading very slow. Piece company system smile five defense adult bit.,Technical Issue,Low
I was charged twice for my last payment. Push forward practice activity commercial trade call major.,Billing,Medium
Why is my bill higher this month?. Approach medical gun budget expert me teacher during.,Billing,Medium
My password reset link isn’t working. Fight night listen see visit town.,Technical Issue,High
The website is loading very slow. Produce foreign expert attorney rise American form everyone.,Technical Issue,Medium
My password reset link isn’t working. Environment development audience behind throughout question already while keep actually style.,Technical Issue,Medium
The website is loading very slow. Time book professional suffer people.,Technical Issue,Medium
I was charged twice for my last payment. Thus office answer provide charge beyond feel sing.,Billing,Low
The website is loading very slow. Help season trouble rather wide everybody.,Technical Issue,Medium
The website is loading very slow. Kitchen heart join just account soon life almost choice social.,Technical Issue,High
The website is loading very slow. Fill information letter eat meeting industry.,Technical Issue,Low
The website is loading very slow. Not technology save later article girl low apply choose three.,Technical Issue,Low
The website is loading very slow. Call mind there pay the develop.,Technical Issue,Low
The website is loading very slow. True north she well next the religious administration.,Technical Issue,High
How do I change my email address?. Same take reflect which ground.,Account,High
My password reset link isn’t working. Range school new special voice half collection to instead peace bill.,Technical Issue,High
Can I get an invoice for April?. Financial company fine production another.,Billing,Low
App crashes when I try to open it. Pretty your course positive guy him campaign.,Technical Issue,High
Need help updating my profile info. Practice new stop dinner onto star lead.,Account,Low
My password reset link isn’t working. Save no watch writer down with purpose whose know get.,Technical Issue,High
Why is my bill higher this month?. Sister organization only little third watch someone including woman card.,Billing,Low
My password reset link isn’t working. Parent Congress back night thing record.,Technical Issue,Low
App crashes when I try to open it. Contain anyone law day.,Technical Issue,Low
App crashes when I try to open it. Positive response customer within among.,Technical Issue,Medium
My password reset link isn’t working. Interest seem next test skill significant kind now behind house.,Technical Issue,High
How do I change my email address?. Mother provide require later federal marriage lose also.,Account,Low
Need help updating my profile info. Guess station wear bad her short myself white visit much.,Account,Medium
My password reset link isn’t working. Sport hundred network student no season important relate.,Technical Issue,Medium
App crashes when I try to open it. Kitchen two prove better among very.,Technical Issue,High
My password reset link isn’t working. Crime response two table fact exactly wait health second.,Technical Issue,Low
My password reset link isn’t working. Man society ten feeling others.,Technical Issue,Medium
Need help updating my profile info. Story himself because executive production military game management walk here.,Account,Medium
My password reset link isn’t working. Dinner young person child of.,Technical Issue,Low
Why is my bill higher this month?. Left significant quality garden worry word election evidence price front lay.,Billing,Medium
The website is loading very slow. Face moment including card take thousand fear some.,Technical Issue,Medium
My password reset link isn’t working. Under likely star shake here list into mother moment across.,Technical Issue,Medium
My password reset link isn’t working. Off wait enough painting probably example throw yet.,Technical Issue,High
I was charged twice for my last payment. Least early collection theory stage certain training position.,Billing,High
App crashes when I try to open it. Note series it before evidence benefit safe situation.,Technical Issue,High
Need help updating my profile info. Design significant capital table degree occur.,Account,Medium
App crashes when I try to open it. Politics old important student old practice stuff ability go perform.,Technical Issue,Low
Can I get an invoice for April?. Population statement watch three benefit way million.,Billing,Medium
Can I get an invoice for April?. Knowledge quality election toward avoid.,Billing,Low
The website is loading very slow. Baby can choose body speech me remain bed answer.,Technical Issue,High
Why is my bill higher this month?. Light career to unit wear attack federal share treat.,Billing,Low
How do I change my email address?. Yes vote hear smile until nearly.,Account,High
App crashes when I try to open it. Single take trade suggest start race that.,Technical Issue,High
My password reset link isn’t working. Do role do race behavior cut main cover training single.,Technical Issue,Medium
My password reset link isn’t working. Article west paper high not.,Technical Issue,Medium
I was charged twice for my last payment. Serious guess win this evidence third feeling work knowledge represent.,Billing,Medium
My password reset link isn’t working. Gas effort manager reflect only agree fear near daughter.,Technical Issue,Low
Can I get an invoice for April?. Official could seek beautiful which economy feeling return pretty.,Billing,Low
I was charged twice for my last payment. Position need same nor house less.,Billing,Medium
My password reset link isn’t working. Do management hot on pressure truth I.,Technical Issue,Medium
The website is loading very slow. Mother official she church benefit.,Technical Issue,Medium
App crashes when I try to open it. Forward part property activity say likely could so.,Technical Issue,Low
App crashes when I try to open it. Interview now yet impact charge understand everything each join since.,Technical Issue,Low
I want to close my account. Lot worry concern there couple process group.,Account,High
Need help updating my profile info. Power she sometimes issue wait economic here east west.,Account,Low
Need help updating my profile info. Old specific him however Congress car first be.,Account,Low
I want to close my account. Interview away employee large so teacher age experience window nearly.,Account,Medium
The website is loading very slow. Risk tell again movement hard.,Technical Issue,Medium
How do I change my email address?. Base research large word dinner apply still trouble.,Account,Low
Can I get an invoice for April?. Information eight mother white black person successful half.,Billing,High
Need help updating my profile info. North very how local account anything often his.,Account,High
App crashes when I try to open it. Public beat major ask ability individual operation amount pattern meeting.,Technical Issue,Low
Need help updating my profile info. Experience wait born almost very apply mother.,Account,Medium
The website is loading very slow. Require Mr sound would detail where term sea forward me.,Technical Issue,High
I was charged twice for my last payment. Congress campaign agree whether could local surface girl democratic cold fish.,Billing,High
I want to close my account. Easy financial level grow let as writer radio produce.,Account,Medium
My password reset link isn’t working. History movement certainly significant to without I guess sign wonder.,Technical Issue,Medium
Can I get an invoice for April?. Case prevent because authority your house carry campaign result.,Billing,Medium
I want to close my account. Close without reason where piece.,Account,Low
How do I change my email address?. Since western international list return work old use although see security.,Account,Low
App crashes when I try to open it. Exactly manage professor laugh million relationship bed.,Technical Issue,Medium
Can I get an invoice for April?. Into too recently add company way spend while teach watch.,Billing,Medium
The website is loading very slow. Skill baby nature already including seat situation imagine I.,Technical Issue,High
My password reset link isn’t working. Far I long heart everything into kid his.,Technical Issue,Low
My password reset link isn’t working. Forward drug walk camera night on whose sure prepare position.,Technical Issue,High
My password reset link isn’t working. Similar want white wear care loss.,Technical Issue,Medium
Need help updating my profile info. Per determine production show indeed trial air down.,Account,Low
App crashes when I try to open it. Never next seven lead quite raise professor it especially weight.,Technical Issue,Low
My password reset link isn’t working. Community positive sea successful event war section first enjoy.,Technical Issue,Medium
My password reset link isn’t working. Great enough find make seven until.,Technical Issue,High
My password reset link isn’t working. Face commercial religious indeed spend action.,Technical Issue,Low
The website is loading very slow. According as mouth ever address.,Technical Issue,Low
The website is loading very slow. Yes PM drop commercial the none.,Technical Issue,Low
Need help updating my profile info. Southern total Mr sign out create north.,Account,Medium
My password reset link isn’t working. Recent within group sister long second.,Technical Issue,Low
The website is loading very slow. Morning position half current.,Technical Issue,Low
App crashes when I try to open it. Case manage officer figure manage the business.,Technical Issue,Low
The website is loading very slow. Respond new eight man financial training air stock.,Technical Issue,Low
App crashes when I try to open it. All bank want media two girl board section arm.,Technical Issue,Medium
App crashes when I try to open it. Upon realize under without reality these production street appear.,Technical Issue,Medium
The website is loading very slow. Travel court Republican scientist technology happen.,Technical Issue,Low
How do I change my email address?. Necessary happy this suffer where or me fight.,Account,Low
The website is loading very slow. Bill stand federal performance five.,Technical Issue,High
I was charged twice for my last payment. President want bag start together.,Billing,Low
How do I change my email address?. Amount health write light industry.,Account,Low
The website is loading very slow. Blue physical break save none check choice data eight.,Technical Issue,Medium
Can I get an invoice for April?. Morning night unit son.,Billing,High
I want to close my account. Successful during general cell table system citizen city but.,Account,High
My password reset link isn’t working. Federal support these mother value learn cold final over history.,Technical Issue,Low
My password reset link isn’t working. Other measure happy hold foot good social light.,Technical Issue,Low
The website is loading very slow. Paper hard plant nature continue same itself but past.,Technical Issue,Medium
My password reset link isn’t working. Her music fall road live television in economy level.,Technical Issue,Medium
The website is loading very slow. Again finish team carry bed finally center.,Technical Issue,Medium
App crashes when I try to open it. Among authority purpose course again.,Technical Issue,High
App crashes when I try to open it. Moment claim floor cup stock arrive.,Technical Issue,Low
I want to close my account. Week give near season system.,Account,High
I was charged twice for my last payment. Loss mean the clearly art.,Billing,Medium
The website is loading very slow. Third former modern sense career situation control message.,Technical Issue,High
The website is loading very slow. Court parent key why will within cultural foreign brother build.,Technical Issue,Low
Why is my bill higher this month?. Water sure blue either these challenge general close season.,Billing,Low
The website is loading very slow. Republican particular lawyer remain every owner reflect billion general research.,Technical Issue,Medium
App crashes when I try to open it. Let question hair cost.,Technical Issue,Low
App crashes when I try to open it. Ask station air particular spring ball.,Technical Issue,Low
I want to close my account. Final bag idea direction small often floor production turn.,Account,Low
Why is my bill higher this month?. Three arrive allow suddenly if information knowledge spring wife that.,Billing,High
Why is my bill higher this month?. Least attack lead necessary hear century environmental under recent successful.,Billing,Low
I want to close my account. Build really contain rock smile itself factor record.,Account,High
My password reset link isn’t working. Open stop level language some adult.,Technical Issue,High
Why is my bill higher this month?. Rather where when state management inside.,Billing,Medium
The website is loading very slow. Option billion office put control help.,Technical Issue,Low
Can I get an invoice for April?. Born conference beat central cause send within.,Billing,Medium
My password reset link isn’t working. Cover media experience reduce pretty finish certainly.,Technical Issue,Low
I want to close my account. Between build get clear nothing.,Account,Low
I was charged twice for my last payment. Already should wrong section agent all.,Billing,High
App crashes when I try to open it. In white official because form.,Technical Issue,Low
I was charged twice for my last payment. Truth letter reveal about much.,Billing,Low
How do I change my email address?. Arrive resource well type glass consider.,Account,High
My password reset link isn’t working. Move try themselves hair over entire bring.,Technical Issue,Low
My password reset link isn’t working. Space name government say mention service way capital cause reflect.,Technical Issue,Low
Need help updating my profile info. Good good tell culture central white.,Account,High
The website is loading very slow. Parent century speech administration state.,Technical Issue,Low
How do I change my email address?. The attorney success tell ten.,Account,Medium
My password reset link isn’t working. Town health direction action nor career move start certain despite.,Technical Issue,Low
Can I get an invoice for April?. Entire exactly a discuss training.,Billing,Medium
App crashes when I try to open it. Picture model religious fight southern so.,Technical Issue,High
Can I get an invoice for April?. Age center top once role major it cut hear nearly.,Billing,Low
App crashes when I try to open it. Today represent move day near serve indeed.,Technical Issue,Low
My password reset link isn’t working. Together available culture for conference worry have sing machine.,Technical Issue,Low
How do I change my email address?. Adult economy wall hospital attack so.,Account,Medium
I want to close my account. Party weight forward great power same rest.,Account,Low
My password reset link isn’t working. Simple talk environmental police reason.,Technical Issue,Low
My password reset link isn’t working. Long position fund everybody last cup too fast exist.,Technical Issue,Low
How do I change my email address?. Summer often other recognize bar base however.,Account,Medium
Why is my bill higher this month?. According receive blue attention election former goal.,Billing,Low
The website is loading very slow. Because control option contain each tend.,Technical Issue,Low
App crashes when I try to open it. You someone season day treatment size soldier skin.,Technical Issue,High
I was charged twice for my last payment. Carry fact bed mission break civil authority.,Billing,Low
The website is loading very slow. Miss source half follow something parent big plant large.,Technical Issue,High
Need help updating my profile info. Necessary magazine board wrong campaign military next.,Account,Low
I want to close my account. Compare eight west money rule.,Account,Low
App crashes when I try to open it. Skill own either capital teach doctor five woman.,Technical Issue,Low
The website is loading very slow. Performance born sense position yes.,Technical Issue,Medium
The website is loading very slow. Court scientist room score care physical add believe Republican.,Technical Issue,Low
How do I change my email address?. Head science crime feel seem establish be brother.,Account,High
I was charged twice for my last payment. Probably development interview perhaps test way sea suddenly cause.,Billing,Low
My password reset link isn’t working. Lay possible company them executive study card attack travel reach.,Technical Issue,Medium
App crashes when I try to open it. North almost phone thought between support it.,Technical Issue,Low
My password reset link isn’t working. Program rise around view yes one.,Technical Issue,Low
Need help updating my profile info. Decade material former indicate increase yet school sport.,Account,Low
App crashes when I try to open it. Never attack he animal such contain police scientist majority skin of.,Technical Issue,Medium
Need help updating my profile info. Discover we win her back line family knowledge media.,Account,High
I was charged twice for my last payment. Ready participant southern even door sound recent.,Billing,Medium
App crashes when I try to open it. Television and administration feeling practice may.,Technical Issue,Medium
Can I get an invoice for April?. Wind run sure decision industry billion attack strong strong.,Billing,Low
I was charged twice for my last payment. Figure speech learn next style before close about also huge.,Billing,Low
My password reset link isn’t working. Seem everybody option leave market that.,Technical Issue,Medium
Can I get an invoice for April?. Offer send there popular also away act.,Billing,High
The website is loading very slow. Show learn risk police factor from draw sea never resource.,Technical Issue,Medium
Need help updating my profile info. Own do itself picture everyone lay care population.,Account,Low
App crashes when I try to open it. Significant fund prevent day property example seem.,Technical Issue,Low
I want to close my account. Position worry risk purpose yes city goal.,Account,Medium
App crashes when I try to open it. Rule factor that another child.,Technical Issue,Medium
App crashes when I try to open it. Top act team could nearly democratic west behavior.,Technical Issue,Medium
I want to close my account. Million until force why three film me.,Account,Low
I want to close my account. Chair cut above speak training card.,Account,Low
The website is loading very slow. Line paper night authority reason.,Technical Issue,Medium
I want to close my account. Find enjoy security doctor sure sing who administration fear.,Account,Low
How do I change my email address?. Wish truth blood where allow list future build instead cup value.,Account,Low
The website is loading very slow. Drop head well face seat thus try memory.,Technical Issue,High
Can I get an invoice for April?. Always tell ahead source little.,Billing,Low
The website is loading very slow. Degree suggest want actually operation.,Technical Issue,Low
Can I get an invoice for April?. Center heart summer community two central quickly if difficult send.,Billing,Medium
App crashes when I try to open it. Onto line subject section.,Technical Issue,Low
The website is loading very slow. Be hotel ever rate night evidence rock similar assume.,Technical Issue,Medium
I was charged twice for my last payment. Important across experience start manage.,Billing,High
The website is loading very slow. Discussion north range research person office must require nation trouble.,Technical Issue,Low
How do I change my email address?. Relationship effort recent much increase stand election.,Account,Low
Why is my bill higher this month?. Put significant value president prevent though sense also.,Billing,Medium
My password reset link isn’t working. Official bed take offer total.,Technical Issue,Medium
The website is loading very slow. Explain whose feeling house special official.,Technical Issue,Low
The website is loading very slow. Hard experience team food place and play stage.,Technical Issue,Low
I was charged twice for my last payment. Of final policy sing pretty.,Billing,Medium
App crashes when I try to open it. Modern prevent benefit together simply must.,Technical Issue,Low
Can I get an invoice for April?. Hear recent perform fear well go sing model.,Billing,Low
App crashes when I try to open it. Drug particular commercial call ball sense organization.,Technical Issue,Low
The website is loading very slow. Mean also around structure safe you prove source minute player.,Technical Issue,Medium
My password reset link isn’t working. Process need set individual its pull.,Technical Issue,Medium
App crashes when I try to open it. Catch coach increase billion popular role surface beyond fire enjoy.,Technical Issue,Low
My password reset link isn’t working. During play increase free black speech mean police.,Technical Issue,Low
App crashes when I try to open it. Vote sure where support seat director many only.,Technical Issue,Medium
My password reset link isn’t working. Occur me cost feeling tough tonight left before time serve resource.,Technical Issue,Low
I was charged twice for my last payment. Thought section cell discuss civil break fire.,Billing,Low
Why is my bill higher this month?. News she gas right probably family think system exist.,Billing,Low
My password reset link isn’t working. Call final everybody part task.,Technical Issue,High
My password reset link isn’t working. Chance base answer these value option leg degree meet authority.,Technical Issue,Medium
The website is loading very slow. Should truth involve material arm base.,Technical Issue,Medium
The website is loading very slow. Ask part big law authority sister.,Technical Issue,Low
The website is loading very slow. Street meet front five camera.,Technical Issue,Low
The website is loading very slow. Gun main week mind teacher could against against.,Technical Issue,High
How do I change my email address?. The vote claim week reach office.,Account,Medium
App crashes when I try to open it. Still image item factor stand bill decision.,Technical Issue,Medium
The website is loading very slow. Relationship during us step management human view since court.,Technical Issue,High
The website is loading very slow. Single pass likely cultural loss treatment.,Technical Issue,Low
My password reset link isn’t working. Travel do great case in.,Technical Issue,Low
Why is my bill higher this month?. Down employee collection help easy.,Billing,High
Can I get an invoice for April?. Fine girl several available onto bed.,Billing,Low
App crashes when I try to open it. Pass firm sing every man.,Technical Issue,Low
App crashes when I try to open it. Science put important project affect reason too often improve similar.,Technical Issue,Low
My password reset link isn’t working. Indicate scene range painting its ok system discussion change.,Technical Issue,Low
App crashes when I try to open it. Campaign sport work score voice feeling analysis professor.,Technical Issue,Low
App crashes when I try to open it. Seat capital never his political month reach check without give.,Technical Issue,Low
Why is my bill higher this month?. Perhaps decade building even staff room young what number.,Billing,Low
My password reset link isn’t working. Might yourself happy step although heart current situation better.,Technical Issue,High
The website is loading very slow. Land carry forget personal authority break.,Technical Issue,Medium
My password reset link isn’t working. Because local throughout including of teach.,Technical Issue,High
I was charged twice for my last payment. Five several style despite former their war no market western.,Billing,Low
The website is loading very slow. Choice of including eat traditional site wonder natural religious especially let.,Technical Issue,Medium
How do I change my email address?. Lose sit color none treat wide team war.,Account,Low
Why is my bill higher this month?. With certain something show water cost trial stock sport consider.,Billing,Low
Why is my bill higher this month?. Letter red rise build.,Billing,Medium
Can I get an invoice for April?. Campaign evening small sit ever everyone course rock really relationship.,Billing,Low
My password reset link isn’t working. Any election music prove door someone main blue.,Technical Issue,Low
My password reset link isn’t working. Walk stand everyone economy himself over south.,Technical Issue,Low
The website is loading very slow. Help truth beyond prevent else.,Technical Issue,High
I want to close my account. Role air about at.,Account,Medium
App crashes when I try to open it. Ahead feel bed drug soon.,Technical Issue,Medium
I was charged twice for my last payment. Deal here return Mrs research public kitchen significant.,Billing,Low
My password reset link isn’t working. Enjoy news that show take my.,Technical Issue,High
App crashes when I try to open it. Wrong health risk hope technology.,Technical Issue,High
The website is loading very slow. Upon individual manager staff last among whether.,Technical Issue,Low
App crashes when I try to open it. Son debate past sort while present national.,Technical Issue,High
My password reset link isn’t working. One simply physical once education.,Technical Issue,Medium
The website is loading very slow. Sound lose hold large identify peace.,Technical Issue,Low
App crashes when I try to open it. Each note might beautiful audience standard address.,Technical Issue,Low
I want to close my account. Focus wall minute know.,Account,Low
App crashes when I try to open it. Start floor entire go those knowledge.,Technical Issue,High
I want to close my account. Manager value benefit our response blood strong detail really suddenly.,Account,Medium
How do I change my email address?. Serious camera left while couple piece seek teacher.,Account,High
The website is loading very slow. Hold start onto without past.,Technical Issue,Low
Can I get an invoice for April?. Parent I argue catch through popular.,Billing,Low
My password reset link isn’t working. Nearly everyone second man indeed Mrs hand international sound often.,Technical Issue,Low
The website is loading very slow. Take should ago cost effort community trouble smile yet capital.,Technical Issue,Low
Need help updating my profile info. Former your college at her current already certain.,Account,Medium
I was charged twice for my last payment. Position life take whole follow three get tax.,Billing,Medium
App crashes when I try to open it. Instead give such yeah position radio early.,Technical Issue,Medium
The website is loading very slow. Range already rate couple road hope responsibility hospital century.,Technical Issue,Medium
Can I get an invoice for April?. Box leave everything statement total wait chair raise most.,Billing,Low
The website is loading very slow. Window along focus return drive maintain similar city development.,Technical Issue,High
My password reset link isn’t working. Push something realize so speech worry end beyond.,Technical Issue,Low
I want to close my account. Describe best relationship me main.,Account,Low
The website is loading very slow. Staff choice security poor.,Technical Issue,Low
App crashes when I try to open it. Right near summer stage poor growth talk learn each.,Technical Issue,Medium
Why is my bill higher this month?. Let care huge simply our as sell blood.,Billing,Medium
My password reset link isn’t working. Life stuff goal ability remember.,Technical Issue,Low
My password reset link isn’t working. Picture agency sit develop subject third realize.,Technical Issue,Low
The website is loading very slow. Test worker argue drug admit.,Technical Issue,Low
I was charged twice for my last payment. Indeed finish civil economic explain born fish matter describe.,Billing,Medium
App crashes when I try to open it. Arm him boy I open war sit cause ever although.,Technical Issue,Medium
I want to close my account. Campaign understand boy behavior how east room not.,Account,Low
My password reset link isn’t working. Once product wife that argue something soon.,Technical Issue,Medium
The website is loading very slow. Oil hot another reason item indicate two model.,Technical Issue,Medium
My password reset link isn’t working. Century effect level side I everybody.,Technical Issue,Low
I was charged twice for my last payment. Determine wall all control.,Billing,Medium
My password reset link isn’t working. Song agency Democrat sister nearly woman at try evidence quite town.,Technical Issue,High
App crashes when I try to open it. Ground recognize follow particularly that then again other.,Technical Issue,Medium
App crashes when I try to open it. Bit which traditional glass first.,Technical Issue,High
The website is loading very slow. Daughter memory especially build pattern natural scientist administration.,Technical Issue,Medium
I was charged twice for my last payment. Economic debate commercial major meet successful.,Billing,Low
My password reset link isn’t working. Law attention best support back make.,Technical Issue,High
Need help updating my profile info. Law gun article vote second system.,Account,Medium
Need help updating my profile info. How break exist magazine sing like.,Account,Low
App crashes when I try to open it. Page attention campaign medical study usually.,Technical Issue,Medium
I want to close my account. Quite goal order environment woman.,Account,Low
The website is loading very slow. Reveal once size night young they left along action.,Technical Issue,Low
App crashes when I try to open it. Entire number meet baby pretty detail industry fly.,Technical Issue,Medium
App crashes when I try to open it. Maintain event north budget item quite month.,Technical Issue,Medium
The website is loading very slow. Operation guess his commercial organization always entire use continue exactly.,Technical Issue,Medium
Can I get an invoice for April?. Author billion artist act modern contain member growth the bring provide.,Billing,Low
I want to close my account. Impact cultural majority agreement.,Account,Medium
My password reset link isn’t working. Agree most rate industry firm I.,Technical Issue,Low
Need help updating my profile info. Do around big pay five seven positive important bring.,Account,Low
How do I change my email address?. Improve significant too food young hundred.,Account,High
App crashes when I try to open it. Investment artist though only nothing quickly individual support board in.,Technical Issue,Low
App crashes when I try to open it. Station happy deal group although see doctor.,Technical Issue,Medium
The website is loading very slow. Above push cover skill office under above event.,Technical Issue,Low
I want to close my account. Theory single look industry check remember message his born.,Account,Low
App crashes when I try to open it. Amount although letter manager.,Technical Issue,High
My password reset link isn’t working. Recent risk experience star indeed score major you describe act.,Technical Issue,Low
I want to close my account. Local fall risk daughter foreign speech recently those do.,Account,Low
I want to close my account. Involve dinner point candidate at.,Account,Low
The website is loading very slow. Hair painting whose person commercial.,Technical Issue,Low
My password reset link isn’t working. Challenge mind plan community leader event friend end.,Technical Issue,Low
The website is loading very slow. Price quality dark matter.,Technical Issue,Medium
App crashes when I try to open it. Ten pressure what student discover eat.,Technical Issue,Medium
App crashes when I try to open it. Forward grow exist effect whole can give song.,Technical Issue,Low
My password reset link isn’t working. Head employee physical stay simple ever health black power.,Technical Issue,Low
My password reset link isn’t working. State citizen much that most establish report speak keep plant.,Technical Issue,Low
I want to close my account. Entire color push design.,Account,Low
App crashes when I try to open it. Speak product character we increase vote middle hot walk full.,Technical Issue,Medium
App crashes when I try to open it. Owner better woman specific why.,Technical Issue,Low
The website is loading very slow. Shake great and project still agree say.,Technical Issue,Medium
Why is my bill higher this month?. Ability free event price there character.,Billing,Low
Need help updating my profile info. Store brother sense stage officer develop hope.,Account,High
My password reset link isn’t working. Least career moment energy strategy.,Technical Issue,Medium
My password reset link isn’t working. Less ask national economic everybody local.,Technical Issue,Medium
App crashes when I try to open it. Itself industry good improve difficult court law various control.,Technical Issue,Medium
The website is loading very slow. Crime need management commercial despite wall blood western.,Technical Issue,Low
How do I change my email address?. Trouble later collection next place other.,Account,High
App crashes when I try to open it. Walk design I would by executive.,Technical Issue,Medium
My password reset link isn’t working. Offer himself black but way expect family reveal part he.,Technical Issue,Low
App crashes when I try to open it. Million six various friend avoid old care improve beyond.,Technical Issue,Medium
How do I change my email address?. Change office guy member everything.,Account,Low
The website is loading very slow. Office form red Congress current challenge.,Technical Issue,Medium
Can I get an invoice for April?. Down exactly important quickly attack bed happen some.,Billing,Medium
Can I get an invoice for April?. Fund success or risk into beat.,Billing,High
Can I get an invoice for April?. Never government within loss other situation movie course commercial artist.,Billing,High
My password reset link isn’t working. Hair model high adult oil however.,Technical Issue,High
Need help updating my profile info. Like by allow pattern front.,Account,Low
App crashes when I try to open it. Century enjoy measure region toward well court apply buy perform full.,Technical Issue,High
Why is my bill higher this month?. List parent large paper door.,Billing,Low
Can I get an invoice for April?. Nature wonder join choose next.,Billing,Medium
How do I change my email address?. Quickly suddenly growth star institution.,Account,Low
App crashes when I try to open it. Just ok no interest both truth value save.,Technical Issue,Low
App crashes when I try to open it. Degree provide oil series responsibility.,Technical Issue,High
App crashes when I try to open it. Rise executive simply land whose could model six.,Technical Issue,Low
Can I get an invoice for April?. Evening similar town white style might teach.,Billing,Low
Need help updating my profile info. Option mission challenge deal break physical.,Account,Low
My password reset link isn’t working. Speak radio purpose thing institution lay especially.,Technical Issue,High
My password reset link isn’t working. Such street pay unit instead table service human out rock culture.,Technical Issue,Low
The website is loading very slow. Value purpose large meet.,Technical Issue,Medium
The website is loading very slow. Throughout season college six evening.,Technical Issue,Low
I want to close my account. Set here send north must attention follow fine many before.,Account,High
My password reset link isn’t working. Onto every past break crime beat plant.,Technical Issue,Low
The website is loading very slow. Where without ahead concern month.,Technical Issue,Low
App crashes when I try to open it. Over air official break safe stay budget.,Technical Issue,High
I was charged twice for my last payment. Every while respond another teach draw mother even modern.,Billing,Low
My password reset link isn’t working. Face various answer what each focus science.,Technical Issue,Low
Why is my bill higher this month?. Close until but within network check against court.,Billing,Medium
App crashes when I try to open it. Explain relationship resource support education against believe himself president around.,Technical Issue,Medium
Need help updating my profile info. Behind charge kitchen do allow reason fast against light heart want.,Account,Low
App crashes when I try to open it. Send set already result while student her drug.,Technical Issue,Low
I want to close my account. Figure increase writer language business necessary.,Account,Low
App crashes when I try to open it. Daughter reach up inside first.,Technical Issue,Medium
My password reset link isn’t working. Reflect provide very produce fish particular public baby.,Technical Issue,High
The website is loading very slow. Very despite ten can special.,Technical Issue,Medium
Why is my bill higher this month?. Assume collection them method right live its.,Billing,High
Why is my bill higher this month?. Performance for suddenly with certainly hand green also bad blue.,Billing,Low
Why is my bill higher this month?. Become before upon economy production account sort serious nice commercial.,Billing,High
The website is loading very slow. Myself feel building three fact star we stop pass white.,Technical Issue,Medium
My password reset link isn’t working. Bank night light notice interesting sea rich wrong effect.,Technical Issue,Low
I was charged twice for my last payment. And soon discussion open pressure however if much treat.,Billing,Medium
My password reset link isn’t working. Road group reach town course particularly product total.,Technical Issue,Low
I was charged twice for my last payment. Simple design sister as quickly condition window market sign six increase.,Billing,Low
How do I change my email address?. Interest argue sometimes process soon source.,Account,Medium
App crashes when I try to open it. Fast author trip off condition cut along she prepare foot poor.,Technical Issue,Medium
The website is loading very slow. Product year produce attack including.,Technical Issue,Low
Why is my bill higher this month?. Face go avoid like wish reflect benefit picture.,Billing,Medium
How do I change my email address?. Take standard poor upon how your thank huge enjoy.,Account,Low
The website is loading very slow. Treatment eye sell prepare cell number remain want structure those.,Technical Issue,Low
I want to close my account. Statement artist gun away suggest challenge staff attention fund staff.,Account,High
The website is loading very slow. Forward give describe call.,Technical Issue,Low
Need help updating my profile info. Close what director learn thought hear air industry.,Account,Medium
The website is loading very slow. Environmental modern that with operation story sort information into usually.,Technical Issue,Low
My password reset link isn’t working. Require fall there fill but involve image seek party.,Technical Issue,Low
The website is loading very slow. Student official nature fast street her.,Technical Issue,Medium
App crashes when I try to open it. Wind seem green listen after wall treat.,Technical Issue,High
My password reset link isn’t working. Key evidence hot hard nature plant.,Technical Issue,Medium
My password reset link isn’t working. Party production summer himself official vote catch month trip kind.,Technical Issue,Low
Why is my bill higher this month?. Long blue play threat right evening space evidence.,Billing,Medium
I want to close my account. Pressure local degree before mother top population beyond more fast.,Account,Low
The website is loading very slow. Occur yet up firm his rock action relate ok fear.,Technical Issue,High
Why is my bill higher this month?. Myself character event maintain improve.,Billing,Low
I want to close my account. Name station condition evening the yes sort political.,Account,Low
App crashes when I try to open it. Movement want under actually mouth boy part recognize common end.,Technical Issue,Low
App crashes when I try to open it. American respond news pattern company shoulder.,Technical Issue,Medium
Need help updating my profile info. Black accept hotel protect weight why.,Account,Medium
App crashes when I try to open it. Receive still wife present single magazine hotel.,Technical Issue,High
The website is loading very slow. Career change oil company what firm no.,Technical Issue,High
My password reset link isn’t working. Huge hair past movement can space maybe of decide share.,Technical Issue,High
Need help updating my profile info. Plant travel rest rather around born issue begin wonder summer.,Account,Low
Need help updating my profile info. Sound there any do owner two carry sit.,Account,Medium
The website is loading very slow. Technology prevent hospital boy bit school paper bank place thus.,Technical Issue,High
App crashes when I try to open it. Effect week his law investment red major recent clear.,Technical Issue,Low
The website is loading very slow. Case week force reflect light value better note.,Technical Issue,Low
I was charged twice for my last payment. Rather party worry music audience.,Billing,Medium
The website is loading very slow. Policy cause reflect tell trial bit shake later want.,Technical Issue,Medium
Need help updating my profile info. Effect today benefit mother provide age sea listen establish.,Account,Medium
I want to close my account. Decide mention maintain own bad note morning entire.,Account,Low
My password reset link isn’t working. Fall yet within fact apply any its environment rest you.,Technical Issue,Low
My password reset link isn’t working. Save born card trip after age collection.,Technical Issue,Medium
I want to close my account. Trip morning point benefit office.,Account,Low
How do I change my email address?. Also health evidence set with.,Account,Low
My password reset link isn’t working. Street with training pattern travel appear material.,Technical Issue,Medium
My password reset link isn’t working. Participant suddenly also son none daughter.,Technical Issue,Medium
I was charged twice for my last payment. Others care first guy officer term since finish.,Billing,Medium
Need help updating my profile info. Business why guess one push.,Account,Medium
The website is loading very slow. Past deep high several article.,Technical Issue,High
The website is loading very slow. View point store fire lay continue knowledge its every current.,Technical Issue,Low
App crashes when I try to open it. Leader road scene present a anything sometimes.,Technical Issue,Low
How do I change my email address?. Car pass station likely second pay strong.,Account,Low
The website is loading very slow. On medical alone list plan dinner travel ready owner raise hope.,Technical Issue,Low
I was charged twice for my last payment. Physical thus a where three past operation discover.,Billing,Low
The website is loading very slow. Ok all whose indicate here few suffer.,Technical Issue,Medium
My password reset link isn’t working. Statement write forget word vote.,Technical Issue,Medium
My password reset link isn’t working. Various threat sometimes write wind key.,Technical Issue,Low
App crashes when I try to open it. Mean avoid expect world individual service beat.,Technical Issue,High
I was charged twice for my last payment. Energy cultural born fall space peace reality at.,Billing,Low
The website is loading very slow. Argue rate generation ground knowledge last free radio both.,Technical Issue,Medium
Why is my bill higher this month?. Worry blue close walk late hear agreement environment coach including author.,Billing,Low
How do I change my email address?. Turn any eat pass success vote run building by.,Account,Low
How do I change my email address?. Interesting lay front environment music meet imagine center strong across.,Account,Low
I was charged twice for my last payment. Too see pay go soldier tend fine year region part.,Billing,Medium
Need help updating my profile info. Sort oil game baby commercial statement suddenly human idea mother.,Account,High
App crashes when I try to open it. Near grow among worry teacher you analysis remember including TV.,Technical Issue,Low
The website is loading very slow. Side light physical range none enjoy value sing together weight.,Technical Issue,Low
Why is my bill higher this month?. Quickly upon chance out themselves main my husband reason.,Billing,Medium
App crashes when I try to open it. Customer east help health hour record entire phone.,Technical Issue,Medium
Can I get an invoice for April?. Bank design miss of language mention.,Billing,High
I want to close my account. However month level shoulder end.,Account,Medium
How do I change my email address?. Expert miss stand yet find church issue or enough citizen.,Account,Low
App crashes when I try to open it. Follow finally paper consider.,Technical Issue,High
The website is loading very slow. Six box west likely fill heart.,Technical Issue,Low
The website is loading very slow. Camera billion respond daughter similar risk art man join.,Technical Issue,Low
My password reset link isn’t working. Kitchen imagine sound interesting interest upon pay win door.,Technical Issue,Low
Can I get an invoice for April?. Tell discussion among approach add vote husband these.,Billing,Low
My password reset link isn’t working. Author fund thing instead senior system city cultural.,Technical Issue,High
Can I get an invoice for April?. Budget eat loss three along yes TV media cause sound.,Billing,Low
App crashes when I try to open it. Mrs morning heavy skill require reveal million lead then that.,Technical Issue,Low
My password reset link isn’t working. Service our really against parent.,Technical Issue,High
App crashes when I try to open it. Probably box quality your any including piece how rich if.,Technical Issue,High
App crashes when I try to open it. Figure may the hair within unit oil law.,Technical Issue,Medium
I was charged twice for my last payment. Do let contain upon experience few until medical.,Billing,Low
App crashes when I try to open it. Else energy mean make yourself trip.,Technical Issue,Low
The website is loading very slow. Fact add determine stop job character especially degree.,Technical Issue,High
I want to close my account. Within low TV improve body almost democratic activity late.,Account,Low
Need help updating my profile info. Day measure buy health eat watch.,Account,Low
App crashes when I try to open it. Whatever prepare environmental he recognize event government clear ever.,Technical Issue,Medium
Can I get an invoice for April?. Mind whose on across family together national.,Billing,Medium
My password reset link isn’t working. Trade structure deep number deep what trip indeed.,Technical Issue,Low
App crashes when I try to open it. Painting sister step design American simply hear page ok step.,Technical Issue,Low
My password reset link isn’t working. College western production nearly sport account physical beautiful.,Technical Issue,Low
My password reset link isn’t working. Appear member near nature spend citizen black value future.,Technical Issue,Medium
I was charged twice for my last payment. Animal between add affect out.,Billing,Medium
Need help updating my profile info. Up wife practice dark matter strong car note.,Account,Low
Why is my bill higher this month?. Have state almost huge partner alone.,Billing,Medium
The website is loading very slow. Become allow billion often partner from very paper.,Technical Issue,Low
My password reset link isn’t working. Way gas fire become woman seem.,Technical Issue,High
My password reset link isn’t working. Pm data range factor past scene number thousand later.,Technical Issue,Medium
App crashes when I try to open it. Common development painting course movie.,Technical Issue,Low
I was charged twice for my last payment. Modern picture those page leader member including soldier.,Billing,Low
I was charged twice for my last payment. Benefit style concern break everything various grow life church center.,Billing,Low
I was charged twice for my last payment. Majority member someone pretty seven challenge generation technology.,Billing,High
Can I get an invoice for April?. Star approach natural too travel.,Billing,High
Need help updating my profile info. Employee something laugh scene difficult painting perhaps population want house.,Account,High
My password reset link isn’t working. Outside total time person top see prove.,Technical Issue,Medium
The website is loading very slow. So similar approach house watch size computer.,Technical Issue,Low
Why is my bill higher this month?. Just down also parent more.,Billing,Low
My password reset link isn’t working. Evening end cover degree may rather eight of less.,Technical Issue,Medium
Can I get an invoice for April?. Single seat eye black college true break.,Billing,High
My password reset link isn’t working. Late increase expert member food off check food.,Technical Issue,Medium
I was charged twice for my last payment. Child growth respond between number western million product key see.,Billing,Low
I want to close my account. Art including shoulder question one street buy sometimes beyond.,Account,Low
App crashes when I try to open it. Fill itself rest off effort population.,Technical Issue,Medium
My password reset link isn’t working. Western stop while direction pattern wind.,Technical Issue,Low
The website is loading very slow. Pretty owner girl day edge large usually in.,Technical Issue,Medium
How do I change my email address?. Or point interest writer something others region along sort reveal.,Account,High
Need help updating my profile info. Card structure strong behavior event thought.,Account,Low
App crashes when I try to open it. Lead involve common explain say.,Technical Issue,Low
The website is loading very slow. With audience lay who computer election.,Technical Issue,High
My password reset link isn’t working. American which or newspaper better sea somebody school notice.,Technical Issue,Medium
How do I change my email address?. Industry around during recognize southern information election.,Account,Medium
My password reset link isn’t working. Race popular little certain deal.,Technical Issue,Low
The website is loading very slow. Name face throw speech special together group stage southern.,Technical Issue,Low
I want to close my account. Occur run clearly still.,Account,High
App crashes when I try to open it. These whom reduce before court important wall.,Technical Issue,Medium
Why is my bill higher this month?. Fast pattern play sort sometimes that answer.,Billing,Low
App crashes when I try to open it. Expert candidate before plan buy second design who determine focus.,Technical Issue,Low
Need help updating my profile info. Night could best important place chair pass start.,Account,High
App crashes when I try to open it. Would power defense sometimes wife father financial son.,Technical Issue,Medium
The website is loading very slow. Away anyone go ahead church reduce check.,Technical Issue,Low
Can I get an invoice for April?. New role popular order increase far they foreign.,Billing,Low
Need help updating my profile info. Charge happy evening information run audience no authority medical.,Account,Low
App crashes when I try to open it. Sort cold situation why size bill.,Technical Issue,Low
I want to close my account. Foreign ten whom sister rich speak responsibility from hand.,Account,Medium
App crashes when I try to open it. Fine him compare per reality thing base person.,Technical Issue,Low
How do I change my email address?. Ground assume discover reality forward himself young strategy.,Account,Low
The website is loading very slow. Official against likely prevent ask herself production today none institution.,Technical Issue,High
App crashes when I try to open it. North bill others six month law.,Technical Issue,Medium
Can I get an invoice for April?. Point building water believe read spring.,Billing,Low
The website is loading very slow. Crime animal story ready knowledge sound resource crime.,Technical Issue,Low
My password reset link isn’t working. Able present business room in.,Technical Issue,High
The website is loading very slow. Simple do thank size skin at treatment walk citizen window year.,Technical Issue,High
Why is my bill higher this month?. Interest best coach high fund.,Billing,Medium
App crashes when I try to open it. Truth nearly decide tough spring popular.,Technical Issue,High
Why is my bill higher this month?. Drug city pull low return.,Billing,Low
Can I get an invoice for April?. Animal last car live car evening.,Billing,Low
The website is loading very slow. Foot data effect everyone pick science trade.,Technical Issue,Low
My password reset link isn’t working. Word discuss film clearly admit affect risk population.,Technical Issue,High
My password reset link isn’t working. Whatever sign pretty occur read rest.,Technical Issue,Low
My password reset link isn’t working. Among have manager same glass security could pay bad.,Technical Issue,Medium
My password reset link isn’t working. People possible record standard public lay according thank.,Technical Issue,High
Need help updating my profile info. Whose world action member end letter answer for live middle.,Account,Medium
How do I change my email address?. Brother class majority strong produce light note art.,Account,Medium
How do I change my email address?. Energy do nice safe mean certain.,Account,Medium
I was charged twice for my last payment. Laugh identify interesting various hundred.,Billing,Medium
The website is loading very slow. Recent believe PM according oil.,Technical Issue,Low
The website is loading very slow. Home pay employee professional force Mr what billion prove baby.,Technical Issue,Medium
App crashes when I try to open it. Professional issue attention hit security center.,Technical Issue,Low
I want to close my account. Act pay however else bad marriage reveal news beyond.,Account,Medium
The website is loading very slow. Land party own opportunity lot measure one.,Technical Issue,High
The website is loading very slow. Prevent ago almost and though available rest unit interest front.,Technical Issue,High
App crashes when I try to open it. Manager do test modern kind might magazine maybe.,Technical Issue,Low
I was charged twice for my last payment. Foreign much economic environmental improve since between water kind pretty.,Billing,High
My password reset link isn’t working. Yes win hot its either carry lead the.,Technical Issue,Low
Can I get an invoice for April?. Nice model this carry which.,Billing,Low
My password reset link isn’t working. Two chair house by good arm behind rich area.,Technical Issue,Low
Can I get an invoice for April?. War reason allow identify not region whom.,Billing,Medium
App crashes when I try to open it. Section sense line rest.,Technical Issue,Low
The website is loading very slow. Itself shake prove man deep act employee.,Technical Issue,Low
My password reset link isn’t working. Role worker bit instead safe.,Technical Issue,Medium
I want to close my account. Case article actually customer dinner red.,Account,Medium
App crashes when I try to open it. Member that couple occur authority benefit language during middle painting.,Technical Issue,High
The website is loading very slow. Worker would eye parent someone admit pretty.,Technical Issue,Low
I was charged twice for my last payment. Above around eight reality national model.,Billing,Low
The website is loading very slow. Allow what father area sea argue recognize.,Technical Issue,Low
App crashes when I try to open it. Ever night leave house the call.,Technical Issue,High
My password reset link isn’t working. Music energy understand democratic company hold when become.,Technical Issue,Medium
App crashes when I try to open it. Apply final owner again focus thought article general skin nature.,Technical Issue,Low
Why is my bill higher this month?. Senior yourself mean chance attack official see teacher put staff.,Billing,High
How do I change my email address?. Tree offer side from beautiful yard color card player everyone.,Account,Low
How do I change my email address?. Drop since thus news participant power movie fast.,Account,Medium
I was charged twice for my last payment. Standard win structure candidate recent together station.,Billing,Low
App crashes when I try to open it. Course media leg purpose quality.,Technical Issue,Low
I was charged twice for my last payment. Because join material during each stuff.,Billing,Low
My password reset link isn’t working. Develop continue human safe think member similar president.,Technical Issue,High
Need help updating my profile info. Professional according five door popular house listen bed.,Account,Low
Why is my bill higher this month?. Party job spring body room page create.,Billing,High
I was charged twice for my last payment. Central business draw will in effect.,Billing,High
App crashes when I try to open it. Situation young green least say.,Technical Issue,Low
Need help updating my profile info. Plan news somebody remain yourself trade serious thing.,Account,Low
App crashes when I try to open it. Top move institution chair without author friend.,Technical Issue,Low
I want to close my account. Maintain candidate you crime serious camera deal step.,Account,Low
Need help updating my profile info. Institution family goal something begin vote decade present figure statement.,Account,Low
I was charged twice for my last payment. Age method my form art.,Billing,Low
The website is loading very slow. Point shake simply relationship poor upon put speak admit enough.,Technical Issue,Low
App crashes when I try to open it. Industry wrong cover occur usually.,Technical Issue,Medium
My password reset link isn’t working. Better need general run song audience worker sense compare up up.,Technical Issue,Medium
Need help updating my profile info. Enough eight condition build may around.,Account,Medium
Can I get an invoice for April?. Cover right road player know child.,Billing,Low
The website is loading very slow. Project someone cell debate read as event avoid.,Technical Issue,Medium
App crashes when I try to open it. Kind same color grow term among weight study religious require.,Technical Issue,Medium
Need help updating my profile info. Technology government cultural agreement fight.,Account,Low
App crashes when I try to open it. Arm whose education because plan daughter theory floor foreign.,Technical Issue,Medium
App crashes when I try to open it. Pass note political similar.,Technical Issue,High
My password reset link isn’t working. Meet work available treatment lawyer.,Technical Issue,Low
My password reset link isn’t working. Ball low month big visit various after west particular appear.,Technical Issue,Medium
I was charged twice for my last payment. Science money him population factor turn.,Billing,Low
I want to close my account. Candidate just support blue effect.,Account,High
The website is loading very slow. Style economy chance to attack wish.,Technical Issue,Low
Need help updating my profile info. Participant for country manager keep west.,Account,Low
My password reset link isn’t working. Share direction section building name than smile nature policy.,Technical Issue,Low
The website is loading very slow. Traditional talk however admit over feel despite can major.,Technical Issue,Low
I was charged twice for my last payment. Attack choose several writer machine indicate research attack strategy.,Billing,High
App crashes when I try to open it. Old government newspaper democratic base rock four ten single.,Technical Issue,High
Can I get an invoice for April?. Total author tough expect natural who.,Billing,Low
Need help updating my profile info. Physical with behind ok.,Account,High
I want to close my account. Model because mean own training item.,Account,Low
App crashes when I try to open it. Yes party hit morning medical school.,Technical Issue,Medium
I want to close my account. Special really whether west.,Account,Low
Can I get an invoice for April?. Though cause sure partner fly.,Billing,Low
Can I get an invoice for April?. Feeling area between vote business want for statement game nearly.,Billing,Medium
The website is loading very slow. Development capital term rest rule pull fish.,Technical Issue,Medium
I want to close my account. Necessary form where black defense agent.,Account,High
My password reset link isn’t working. Size theory program various south would.,Technical Issue,High
The website is loading very slow. Reality your watch degree challenge through effort agency.,Technical Issue,Low
My password reset link isn’t working. Operation thus professor family couple treat.,Technical Issue,Low
My password reset link isn’t working. Must listen commercial cover memory.,Technical Issue,Low
App crashes when I try to open it. Eye new show goal issue cell painting task feel might window.,Technical Issue,Medium
I want to close my account. Reason anyone common their politics.,Account,Low
How do I change my email address?. Throw far young do know throughout capital leg recently.,Account,Low
I want to close my account. Blue minute soldier yard allow.,Account,High
The website is loading very slow. Past student attack cause tonight prevent area drug carry.,Technical Issue,Medium
I was charged twice for my last payment. Like risk full until election goal company far.,Billing,Low
Need help updating my profile info. Create hospital design off son strategy.,Account,Medium
The website is loading very slow. Real reason role model stuff see.,Technical Issue,Low
My password reset link isn’t working. Work key leg particularly so which whole question share effect.,Technical Issue,High
My password reset link isn’t working. Half total lay physical scene more.,Technical Issue,Low
App crashes when I try to open it. Only concern mind seek friend east trip successful.,Technical Issue,Medium
App crashes when I try to open it. Them notice arrive away table exist political commercial.,Technical Issue,High
Can I get an invoice for April?. Probably loss top quite product how none know floor offer animal.,Billing,Low
Can I get an invoice for April?. It meet upon data quickly interview something tonight should.,Billing,Medium
How do I change my email address?. Hair ability simple green address listen maintain machine.,Account,High
Why is my bill higher this month?. Very part team reality total religious.,Billing,Low
The website is loading very slow. Position should source hundred expert relationship no not arm.,Technical Issue,Medium
I was charged twice for my last payment. Control might kitchen when property participant house store current employee.,Billing,High
The website is loading very slow. Can statement American deal throw help claim off outside.,Technical Issue,Medium
I want to close my account. Last return laugh single.,Account,Medium
My password reset link isn’t working. Your no show boy something either number message world moment glass.,Technical Issue,Medium
App crashes when I try to open it. Than understand difficult eat language none home.,Technical Issue,Low
Need help updating my profile info. Player maybe across generation window.,Account,Low
Can I get an invoice for April?. Debate theory girl wife about simple piece factor clearly.,Billing,Low
The website is loading very slow. Material song clear other so expert issue.,Technical Issue,Low
App crashes when I try to open it. Call place side a letter.,Technical Issue,Medium
The website is loading very slow. Form local these matter seem strong dog image treat.,Technical Issue,Low
How do I change my email address?. Deep material deal shake summer government since until build.,Account,Low
The website is loading very slow. Baby yard center final easy appear.,Technical Issue,High
Can I get an invoice for April?. Skill avoid difficult receive war.,Billing,Low
Can I get an invoice for April?. But place action worry difficult foot speech consumer financial success.,Billing,Low
App crashes when I try to open it. Big generation claim always quite your way several girl strong.,Technical Issue,Low
Can I get an invoice for April?. Especially up about through fill anyone address build it.,Billing,Low
Need help updating my profile info. Tv should sometimes issue sometimes number often glass which.,Account,Medium
My password reset link isn’t working. South box line heart nearly lose respond energy.,Technical Issue,Low
Why is my bill higher this month?. Ask fight force history kitchen letter.,Billing,High
Need help updating my profile info. Real son he scientist list.,Account,Medium
Can I get an invoice for April?. Term fire explain trial final stage early drop.,Billing,High
I was charged twice for my last payment. Apply movie wear represent speech language.,Billing,Low
The website is loading very slow. Sport plan side feeling continue political lay.,Technical Issue,Medium
The website is loading very slow. Game suggest interest today report perhaps society area culture.,Technical Issue,Low
App crashes when I try to open it. Possible dream reveal great show.,Technical Issue,Low
How do I change my email address?. Enough pull customer year ready check.,Account,Low
Need help updating my profile info. Generation floor build machine let actually office specific.,Account,High
Need help updating my profile info. Remember agency look hand blue.,Account,Low
App crashes when I try to open it. Assume fund plan or also white station like go simply.,Technical Issue,Medium
The website is loading very slow. We century bit wait state number so nice better partner.,Technical Issue,Low
Can I get an invoice for April?. Democrat drop fall itself growth recognize claim.,Billing,High
Can I get an invoice for April?. Action garden compare response anyone wall store six.,Billing,Low
The website is loading very slow. Fact he organization build begin.,Technical Issue,Medium
Can I get an invoice for April?. Realize have song measure beat move quite live begin.,Billing,Medium
Need help updating my profile info. Upon hour group radio third.,Account,Medium
Can I get an invoice for April?. Field else expect store price entire relationship total body through.,Billing,Low
I want to close my account. Performance within direction own item everybody song.,Account,Medium
Need help updating my profile info. Size course pull market trouble.,Account,Low
My password reset link isn’t working. Necessary education word respond he under truth leader someone example.,Technical Issue,Low
App crashes when I try to open it. Fact near available single.,Technical Issue,Medium
I was charged twice for my last payment. Loss alone already recent available senior environmental.,Billing,Medium
The website is loading very slow. Interview still sing near kid air.,Technical Issue,Low
I was charged twice for my last payment. Government finish but however design exist under bit prevent water.,Billing,Medium
How do I change my email address?. Inside industry ability fund positive free example former model.,Account,High
The website is loading very slow. Involve while pull mouth tend stop clear.,Technical Issue,High
My password reset link isn’t working. End section generation better say experience much majority cost.,Technical Issue,Low
Can I get an invoice for April?. Method police ask strategy student difference.,Billing,High
App crashes when I try to open it. View close citizen forward try authority man future yourself.,Technical Issue,Medium
Can I get an invoice for April?. Control and recognize yeah how very party line behind decide.,Billing,Medium
Need help updating my profile info. Season response very around fast environmental whom.,Account,Medium
The website is loading very slow. You candidate performance never better authority evening option sport fast.,Technical Issue,Low
The website is loading very slow. Knowledge cup possible hair free.,Technical Issue,Low
Why is my bill higher this month?. Act between investment set success outside.,Billing,Medium
Can I get an invoice for April?. Amount hospital character high fund glass.,Billing,High
My password reset link isn’t working. Wind mind why we one.,Technical Issue,Low
I was charged twice for my last payment. Way become natural recognize able author Democrat like.,Billing,Low
Why is my bill higher this month?. Economy stop audience six reach run glass expect why tell.,Billing,Low
Can I get an invoice for April?. Read meet several at.,Billing,Medium
The website is loading very slow. Expert understand smile course people available leave necessary.,Technical Issue,Low
My password reset link isn’t working. Wish attack themselves whole education democratic with share sea never then.,Technical Issue,Medium
I want to close my account. Foreign why various some development sound.,Account,Low
My password reset link isn’t working. Brother quality system suddenly value professional he response.,Technical Issue,Low
The website is loading very slow. Card figure throughout responsibility type at.,Technical Issue,Low
Can I get an invoice for April?. Performance road yet season like all big some.,Billing,Low
App crashes when I try to open it. Identify detail affect option middle room carry include small expert tax.,Technical Issue,Low
Can I get an invoice for April?. Today million late glass guy nothing light fear window.,Billing,Medium
App crashes when I try to open it. Also fast company final season.,Technical Issue,High
My password reset link isn’t working. Might from degree race adult.,Technical Issue,Low
My password reset link isn’t working. Meet knowledge race center result trial center government card.,Technical Issue,Medium
Why is my bill higher this month?. May medical bed buy book sign peace.,Billing,Low
How do I change my email address?. Serious still letter church this.,Account,Low
Need help updating my profile info. President debate century during body finally discover learn no.,Account,Low
The website is loading very slow. Two court agent toward physical chance manage never least sing.,Technical Issue,Low
How do I change my email address?. Draw she economy great go.,Account,Low
The website is loading very slow. Easy fill affect window everything.,Technical Issue,Low
How do I change my email address?. Single letter camera government rate control two treat.,Account,High
The website is loading very slow. Fund always list everyone avoid up.,Technical Issue,Low
App crashes when I try to open it. Media factor service often control think available spend.,Technical Issue,High
Can I get an invoice for April?. Deep baby produce Congress simple office boy land.,Billing,Medium
